College Code,College Name,City,Institute Type,Status,University,Home University,Branch Code,Branch Name,Seat Category,Closing Rank,Closing Percentile,Stage,Academic Year,CAP Round,PDF Page Number
05172,"R. C. Patel Institute Of Technology, Shirpur",Shirpur,Un-Aided Linguistic Minority - Gujarathi,Autonomous,Autonomous Institute,Autonomous Institute,0517219110,Civil Engineering,GOPENS,106188,64.7148712,Stage I,2025-26,1,1
05172,"R. C. Patel Institute Of Technology, Shirpur",Shirpur,Un-Aided Linguistic Minority - Gujarathi,Autonomous,Autonomous Institute,Autonomous Institute,0517219110,Civil Engineering,LOPENS,96784,68.8687467,Stage I,2025-26,1,1
05172,"R. C. Patel Institute Of Technology, Shirpur",Shirpur,Un-Aided Linguistic Minority - Gujarathi,Autonomous,Autonomous Institute,Autonomous Institute,0517219110,Civil Engineering,TFWS,84374,73.5570613,Stage I,2025-26,1,1
05172,"R. C. Patel Institute Of Technology, Shirpur",Shirpur,Un-Aided Linguistic Minority - Gujarathi,Autonomous,Autonomous Institute,Autonomous Institute,0517224510,Computer Engineering,GOPENS,42681,87.3196408,Stage I,2025-26,1,1
05172,"R. C. Patel Institute Of Technology, Shirpur",Shirpur,Un-Aided Linguistic Minority - Gujarathi,Autonomous,Autonomous Institute,Autonomous Institute,0517224510,Computer Engineering,LOPENS,34999,89.7089209,Stage I,2025-26,1,1
05172,"R. C. Patel Institute Of Technology, Shirpur",Shirpur,Un-Aided Linguistic Minority - Gujarathi,Autonomous,Autonomous Institute,Autonomous Institute,0517224510,Computer Engineering,MI,197288,7.8234926,Stage I,2025-26,1,1
05172,"R. C. Patel Institute Of Technology, Shirpur",Shirpur,Un-Aided Linguistic Minority - Gujarathi,Autonomous,Autonomous Institute,Autonomous Institute,0517224510,Computer Engineering,TFWS,25664,92.52184,Stage I,2025-26,1,1
05172,"R. C. Patel Institute Of Technology, Shirpur",Shirpur,Un-Aided Linguistic Minority - Gujarathi,Autonomous,Autonomous Institute,Autonomous Institute,0517224610,Information Technology,GOPENS,53015,84.0903324,Stage I,2025-26,1,1
05172,"R. C. Patel Institute Of Technology, Shirpur",Shirpur,Un-Aided Linguistic Minority - Gujarathi,Autonomous,Autonomous Institute,Autonomous Institute,0517224610,Information Technology,LOPENS,50171,84.9728618,Stage I,2025-26,1,1
05172,"R. C. Patel Institute Of Technology, Shirpur",Shirpur,Un-Aided Linguistic Minority - Gujarathi,Autonomous,Autonomous Institute,Autonomous Institute,0517224610,Information Technology,MI,160863,36.1811489,Stage I,2025-26,1,1
05172,"R. C. Patel Institute Of Technology, Shirpur",Shirpur,Un-Aided Linguistic Minority - Gujarathi,Autonomous,Autonomous Institute,Autonomous Institute,0517224610,Information Technology,TFWS,36071,89.3412389,Stage I,2025-26,1,1
05172,"R. C. Patel Institute Of Technology, Shirpur",Shirpur,Un-Aided Linguistic Minority - Gujarathi,Autonomous,Autonomous Institute,Autonomous Institute,0517229310,Electrical Engineering,GOPENS,86642,72.6730266,Stage I,2025-26,1,1
05172,"R. C. Patel Institute Of Technology, Shirpur",Shirpur,Un-Aided Linguistic Minority - Gujarathi,Autonomous,Autonomous Institute,Autonomous Institute,0517229310,Electrical Engineering,LOPENS,82721,73.7482517,Stage I,2025-26,1,1
05172,"R. C. Patel Institute Of Technology, Shirpur",Shirpur,Un-Aided Linguistic Minority - Gujarathi,Autonomous,Autonomous Institute,Autonomous Institute,0517229310,Electrical Engineering,TFWS,60306,81.7705077,Stage I,2025-26,1,1
05172,"R. C. Patel Institute Of Technology, Shirpur",Shirpur,Un-Aided Linguistic Minority - Gujarathi,Autonomous,Autonomous Institute,Autonomous Institute,0517237210,Electronics And Telecommunication Engg,GOPENS,64805,80.3531469,Stage I,2025-26,1,2
05172,"R. C. Patel Institute Of Technology, Shirpur",Shirpur,Un-Aided Linguistic Minority - Gujarathi,Autonomous,Autonomous Institute,Autonomous Institute,0517237210,Electronics And Telecommunication Engg,LOPENS,60586,81.6453226,Stage I,2025-26,1,2
05172,"R. C. Patel Institute Of Technology, Shirpur",Shirpur,Un-Aided Linguistic Minority - Gujarathi,Autonomous,Autonomous Institute,Autonomous Institute,0517237210,Electronics And Telecommunication Engg,TFWS,45264,86.6223776,Stage I,2025-26,1,2
05172,"R. C. Patel Institute Of Technology, Shirpur",Shirpur,Un-Aided Linguistic Minority - Gujarathi,Autonomous,Autonomous Institute,Autonomous Institute,0517261210,Mechanical Engineering,GOPENS,94079,69.8498837,Stage I,2025-26,1,2
05172,"R. C. Patel Institute Of Technology, Shirpur",Shirpur,Un-Aided Linguistic Minority - Gujarathi,Autonomous,Autonomous Institute,Autonomous Institute,0517261210,Mechanical Engineering,LOPENS,100079,67.217709,Stage I,2025-26,1,2
05172,"R. C. Patel Institute Of Technology, Shirpur",Shirpur,Un-Aided Linguistic Minority - Gujarathi,Autonomous,Autonomous Institute,Autonomous Institute,0517261210,Mechanical Engineering,TFWS,57524,82.777662,Stage I,2025-26,1,2
05172,"R. C. Patel Institute Of Technology, Shirpur",Shirpur,Un-Aided Linguistic Minority - Gujarathi,Autonomous,Autonomous Institute,Autonomous Institute,0517291210,Computer Science And Engineering(Data Science),GOPENS,52976,84.0903324,Stage I,2025-26,1,2
05172,"R. C. Patel Institute Of Technology, Shirpur",Shirpur,Un-Aided Linguistic Minority - Gujarathi,Autonomous,Autonomous Institute,Autonomous Institute,0517291210,Computer Science And Engineering(Data Science),LOPENS,48416,85.5729148,Stage I,2025-26,1,2
05172,"R. C. Patel Institute Of Technology, Shirpur",Shirpur,Un-Aided Linguistic Minority - Gujarathi,Autonomous,Autonomous Institute,Autonomous Institute,0517291210,Computer Science And Engineering(Data Science),MI,164840,33.465035,Stage I,2025-26,1,2
05172,"R. C. Patel Institute Of Technology, Shirpur",Shirpur,Un-Aided Linguistic Minority - Gujarathi,Autonomous,Autonomous Institute,Autonomous Institute,0517291210,Computer Science And Engineering(Data Science),TFWS,33242,90.1729075,Stage I,2025-26,1,2
05172,"R. C. Patel Institute Of Technology, Shirpur",Shirpur,Un-Aided Linguistic Minority - Gujarathi,Autonomous,Autonomous Institute,Autonomous Institute,0517292110,Artificial Intelligence And Machine Learning,GOPENS,48491,85.5207245,Stage I,2025-26,1,2
05172,"R. C. Patel Institute Of Technology, Shirpur",Shirpur,Un-Aided Linguistic Minority - Gujarathi,Autonomous,Autonomous Institute,Autonomous Institute,0517292110,Artificial Intelligence And Machine Learning,LOPENS,44175,86.9194446,Stage I,2025-26,1,2
05172,"R. C. Patel Institute Of Technology, Shirpur",Shirpur,Un-Aided Linguistic Minority - Gujarathi,Autonomous,Autonomous Institute,Autonomous Institute,0517292110,Artificial Intelligence And Machine Learning,MI,180243,22.4248107,Stage I,2025-26,1,2
05172,"R. C. Patel Institute Of Technology, Shirpur",Shirpur,Un-Aided Linguistic Minority - Gujarathi,Autonomous,Autonomous Institute,Autonomous Institute,0517292110,Artificial Intelligence And Machine Learning,TFWS,25754,92.4545035,Stage I,2025-26,1,2
05172,"R. C. Patel Institute Of Technology, Shirpur",Shirpur,Un-Aided Linguistic Minority - Gujarathi,Autonomous,Autonomous Institute,Autonomous Institute,0517299510,Artificial Intelligence And Data Science,GOPENS,55420,83.3397246,Stage I,2025-26,1,3
05172,"R. C. Patel Institute Of Technology, Shirpur",Shirpur,Un-Aided Linguistic Minority - Gujarathi,Autonomous,Autonomous Institute,Autonomous Institute,0517299510,Artificial Intelligence And Data Science,LOPENS,54293,83.7239356,Stage I,2025-26,1,3
05172,"R. C. Patel Institute Of Technology, Shirpur",Shirpur,Un-Aided Linguistic Minority - Gujarathi,Autonomous,Autonomous Institute,Autonomous Institute,0517299510,Artificial Intelligence And Data Science,TFWS,30143,91.082078,Stage I,2025-26,1,3
05433,"R.C. Patel College Of Engineering And Polytechnic, Shirpur",Shirpur,Un-Aided Linguistic Minority - Gujarathi,Non-Autonomous,"Kavayitri Bahinabai Chaudhari North Maharashtra University, Jalgaon","Kavayitri Bahinabai Chaudhari North Maharashtra University, Jalgaon",0543324510,Computer Engineering,GOPENH,73869,77.1296846,Stage I,2025-26,1,134
05433,"R.C. Patel College Of Engineering And Polytechnic, Shirpur",Shirpur,Un-Aided Linguistic Minority - Gujarathi,Non-Autonomous,"Kavayitri Bahinabai Chaudhari North Maharashtra University, Jalgaon","Kavayitri Bahinabai Chaudhari North Maharashtra University, Jalgaon",0543324510,Computer Engineering,LOPENH,64896,80.0,Stage I,2025-26,1,134
05433,"R.C. Patel College Of Engineering And Polytechnic, Shirpur",Shirpur,Un-Aided Linguistic Minority - Gujarathi,Non-Autonomous,"Kavayitri Bahinabai Chaudhari North Maharashtra University, Jalgaon","Kavayitri Bahinabai Chaudhari North Maharashtra University, Jalgaon",0543324510,Computer Engineering,GOPENO,95084,69.3295893,Stage I,2025-26,1,134
05433,"R.C. Patel College Of Engineering And Polytechnic, Shirpur",Shirpur,Un-Aided Linguistic Minority - Gujarathi,Non-Autonomous,"Kavayitri Bahinabai Chaudhari North Maharashtra University, Jalgaon","Kavayitri Bahinabai Chaudhari North Maharashtra University, Jalgaon",0543324510,Computer Engineering,LOPENO,86283,72.7429418,Stage I,2025-26,1,134
05433,"R.C. Patel College Of Engineering And Polytechnic, Shirpur",Shirpur,Un-Aided Linguistic Minority - Gujarathi,Non-Autonomous,"Kavayitri Bahinabai Chaudhari North Maharashtra University, Jalgaon","Kavayitri Bahinabai Chaudhari North Maharashtra University, Jalgaon",0543324510,Computer Engineering,MI,156509,39.5742169,Stage I,2025-26,1,134
05433,"R.C. Patel College Of Engineering And Polytechnic, Shirpur",Shirpur,Un-Aided Linguistic Minority - Gujarathi,Non-Autonomous,"Kavayitri Bahinabai Chaudhari North Maharashtra University, Jalgaon","Kavayitri Bahinabai Chaudhari North Maharashtra University, Jalgaon",0543324510,Computer Engineering,TFWS,65745,79.9072027,Stage I,2025-26,1,134
05433,"R.C. Patel College Of Engineering And Polytechnic, Shirpur",Shirpur,Un-Aided Linguistic Minority - Gujarathi,Non-Autonomous,"Kavayitri Bahinabai Chaudhari North Maharashtra University, Jalgaon","Kavayitri Bahinabai Chaudhari North Maharashtra University, Jalgaon",0543324610,Information Technology,GOPENH,82779,73.7482517,Stage I,2025-26,1,135
05433,"R.C. Patel College Of Engineering And Polytechnic, Shirpur",Shirpur,Un-Aided Linguistic Minority - Gujarathi,Non-Autonomous,"Kavayitri Bahinabai Chaudhari North Maharashtra University, Jalgaon","Kavayitri Bahinabai Chaudhari North Maharashtra University, Jalgaon",0543324610,Information Technology,LOPENH,82293,74.0094972,Stage I,2025-26,1,135
05433,"R.C. Patel College Of Engineering And Polytechnic, Shirpur",Shirpur,Un-Aided Linguistic Minority - Gujarathi,Non-Autonomous,"Kavayitri Bahinabai Chaudhari North Maharashtra University, Jalgaon","Kavayitri Bahinabai Chaudhari North Maharashtra University, Jalgaon",0543324610,Information Technology,GOPENO,116671,60.422115,Stage I,2025-26,1,135
05433,"R.C. Patel College Of Engineering And Polytechnic, Shirpur",Shirpur,Un-Aided Linguistic Minority - Gujarathi,Non-Autonomous,"Kavayitri Bahinabai Chaudhari North Maharashtra University, Jalgaon","Kavayitri Bahinabai Chaudhari North Maharashtra University, Jalgaon",0543324610,Information Technology,LOPENO,112976,62.0615406,Stage I,2025-26,1,135
05433,"R.C. Patel College Of Engineering And Polytechnic, Shirpur",Shirpur,Un-Aided Linguistic Minority - Gujarathi,Non-Autonomous,"Kavayitri Bahinabai Chaudhari North Maharashtra University, Jalgaon","Kavayitri Bahinabai Chaudhari North Maharashtra University, Jalgaon",0543324610,Information Technology,TFWS,80839,74.9785452,Stage I,2025-26,1,135
05433,"R.C. Patel College Of Engineering And Polytechnic, Shirpur",Shirpur,Un-Aided Linguistic Minority - Gujarathi,Non-Autonomous,"Kavayitri Bahinabai Chaudhari North Maharashtra University, Jalgaon","Kavayitri Bahinabai Chaudhari North Maharashtra University, Jalgaon",0543384410,Electronics And Computer Engineering,GOPENH,104397,65.6692751,Stage I,2025-26,1,136
05433,"R.C. Patel College Of Engineering And Polytechnic, Shirpur",Shirpur,Un-Aided Linguistic Minority - Gujarathi,Non-Autonomous,"Kavayitri Bahinabai Chaudhari North Maharashtra University, Jalgaon","Kavayitri Bahinabai Chaudhari North Maharashtra University, Jalgaon",0543384410,Electronics And Computer Engineering,LOPENH,96987,68.8687467,Stage I,2025-26,1,136
05433,"R.C. Patel College Of Engineering And Polytechnic, Shirpur",Shirpur,Un-Aided Linguistic Minority - Gujarathi,Non-Autonomous,"Kavayitri Bahinabai Chaudhari North Maharashtra University, Jalgaon","Kavayitri Bahinabai Chaudhari North Maharashtra University, Jalgaon",0543384410,Electronics And Computer Engineering,GOPENO,151163,42.9247346,Stage I,2025-26,1,136
05433,"R.C. Patel College Of Engineering And Polytechnic, Shirpur",Shirpur,Un-Aided Linguistic Minority - Gujarathi,Non-Autonomous,"Kavayitri Bahinabai Chaudhari North Maharashtra University, Jalgaon","Kavayitri Bahinabai Chaudhari North Maharashtra University, Jalgaon",0543384410,Electronics And Computer Engineering,LOPENO,175417,25.968356,Stage I,2025-26,1,136
05433,"R.C. Patel College Of Engineering And Polytechnic, Shirpur",Shirpur,Un-Aided Linguistic Minority - Gujarathi,Non-Autonomous,"Kavayitri Bahinabai Chaudhari North Maharashtra University, Jalgaon","Kavayitri Bahinabai Chaudhari North Maharashtra University, Jalgaon",0543384410,Electronics And Computer Engineering,TFWS,90094,71.4755245,Stage I,2025-26,1,136
05433,"R.C. Patel College Of Engineering And Polytechnic, Shirpur",Shirpur,Un-Aided Linguistic Minority - Gujarathi,Non-Autonomous,"Kavayitri Bahinabai Chaudhari North Maharashtra University, Jalgaon","Kavayitri Bahinabai Chaudhari North Maharashtra University, Jalgaon",0543392110,Artificial Intelligence And Machine Learning,GOPENH,89084,71.5830116,Stage I,2025-26,1,137
05433,"R.C. Patel College Of Engineering And Polytechnic, Shirpur",Shirpur,Un-Aided Linguistic Minority - Gujarathi,Non-Autonomous,"Kavayitri Bahinabai Chaudhari North Maharashtra University, Jalgaon","Kavayitri Bahinabai Chaudhari North Maharashtra University, Jalgaon",0543392110,Artificial Intelligence And Machine Learning,LOPENH,86984,72.3760958,Stage I,2025-26,1,137
05433,"R.C. Patel College Of Engineering And Polytechnic, Shirpur",Shirpur,Un-Aided Linguistic Minority - Gujarathi,Non-Autonomous,"Kavayitri Bahinabai Chaudhari North Maharashtra University, Jalgaon","Kavayitri Bahinabai Chaudhari North Maharashtra University, Jalgaon",0543392110,Artificial Intelligence And Machine Learning,GOPENO,135395,50.9683037,Stage I,2025-26,1,137
05433,"R.C. Patel College Of Engineering And Polytechnic, Shirpur",Shirpur,Un-Aided Linguistic Minority - Gujarathi,Non-Autonomous,"Kavayitri Bahinabai Chaudhari North Maharashtra University, Jalgaon","Kavayitri Bahinabai Chaudhari North Maharashtra University, Jalgaon",0543392110,Artificial Intelligence And Machine Learning,LOPENO,124027,57.0133407,Stage I,2025-26,1,137
05433,"R.C. Patel College Of Engineering And Polytechnic, Shirpur",Shirpur,Un-Aided Linguistic Minority - Gujarathi,Non-Autonomous,"Kavayitri Bahinabai Chaudhari North Maharashtra University, Jalgaon","Kavayitri Bahinabai Chaudhari North Maharashtra University, Jalgaon",0543392110,Artificial Intelligence And Machine Learning,TFWS,83442,73.6328536,Stage I,2025-26,1,137
05545,"Shri Vile Parle Kelavani Mandal'S College Of Engineering, Shirpur",Shirpur,Un-Aided Linguistic Minority - Gujarathi,Non-Autonomous,"Kavayitri Bahinabai Chaudhari North Maharashtra University, Jalgaon","Kavayitri Bahinabai Chaudhari North Maharashtra University, Jalgaon",0554524210,Computer Science And Engineering,GOPENH,104812,65.630713,Stage I,2025-26,1,145
05545,"Shri Vile Parle Kelavani Mandal'S College Of Engineering, Shirpur",Shirpur,Un-Aided Linguistic Minority - Gujarathi,Non-Autonomous,"Kavayitri Bahinabai Chaudhari North Maharashtra University, Jalgaon","Kavayitri Bahinabai Chaudhari North Maharashtra University, Jalgaon",0554524210,Computer Science And Engineering,LOPENH,101885,66.4263323,Stage I,2025-26,1,145
05545,"Shri Vile Parle Kelavani Mandal'S College Of Engineering, Shirpur",Shirpur,Un-Aided Linguistic Minority - Gujarathi,Non-Autonomous,"Kavayitri Bahinabai Chaudhari North Maharashtra University, Jalgaon","Kavayitri Bahinabai Chaudhari North Maharashtra University, Jalgaon",0554524210,Computer Science And Engineering,GOPENO,131971,53.2228937,Stage I,2025-26,1,145
05545,"Shri Vile Parle Kelavani Mandal'S College Of Engineering, Shirpur",Shirpur,Un-Aided Linguistic Minority - Gujarathi,Non-Autonomous,"Kavayitri Bahinabai Chaudhari North Maharashtra University, Jalgaon","Kavayitri Bahinabai Chaudhari North Maharashtra University, Jalgaon",0554524210,Computer Science And Engineering,LOPENO,144624,46.6242967,Stage I,2025-26,1,145
05545,"Shri Vile Parle Kelavani Mandal'S College Of Engineering, Shirpur",Shirpur,Un-Aided Linguistic Minority - Gujarathi,Non-Autonomous,"Kavayitri Bahinabai Chaudhari North Maharashtra University, Jalgaon","Kavayitri Bahinabai Chaudhari North Maharashtra University, Jalgaon",0554524210,Computer Science And Engineering,MI,154890,40.0432529,Stage I,2025-26,1,145
05545,"Shri Vile Parle Kelavani Mandal'S College Of Engineering, Shirpur",Shirpur,Un-Aided Linguistic Minority - Gujarathi,Non-Autonomous,"Kavayitri Bahinabai Chaudhari North Maharashtra University, Jalgaon","Kavayitri Bahinabai Chaudhari North Maharashtra University, Jalgaon",0554524210,Computer Science And Engineering,TFWS,86949,72.6730266,Stage I,2025-26,1,145
05545,"Shri Vile Parle Kelavani Mandal'S College Of Engineering, Shirpur",Shirpur,Un-Aided Linguistic Minority - Gujarathi,Non-Autonomous,"Kavayitri Bahinabai Chaudhari North Maharashtra University, Jalgaon","Kavayitri Bahinabai Chaudhari North Maharashtra University, Jalgaon",0554524610,Information Technology,GOPENH,113867,61.5619516,Stage I,2025-26,1,146
05545,"Shri Vile Parle Kelavani Mandal'S College Of Engineering, Shirpur",Shirpur,Un-Aided Linguistic Minority - Gujarathi,Non-Autonomous,"Kavayitri Bahinabai Chaudhari North Maharashtra University, Jalgaon","Kavayitri Bahinabai Chaudhari North Maharashtra University, Jalgaon",0554524610,Information Technology,LOPENH,112124,62.1365556,Stage I,2025-26,1,146
05545,"Shri Vile Parle Kelavani Mandal'S College Of Engineering, Shirpur",Shirpur,Un-Aided Linguistic Minority - Gujarathi,Non-Autonomous,"Kavayitri Bahinabai Chaudhari North Maharashtra University, Jalgaon","Kavayitri Bahinabai Chaudhari North Maharashtra University, Jalgaon",0554524610,Information Technology,GOPENO,163276,35.5422955,Stage I,2025-26,1,146
05545,"Shri Vile Parle Kelavani Mandal'S College Of Engineering, Shirpur",Shirpur,Un-Aided Linguistic Minority - Gujarathi,Non-Autonomous,"Kavayitri Bahinabai Chaudhari North Maharashtra University, Jalgaon","Kavayitri Bahinabai Chaudhari North Maharashtra University, Jalgaon",0554524610,Information Technology,LOPENO,106528,64.713186,Stage I,2025-26,1,146
05545,"Shri Vile Parle Kelavani Mandal'S College Of Engineering, Shirpur",Shirpur,Un-Aided Linguistic Minority - Gujarathi,Non-Autonomous,"Kavayitri Bahinabai Chaudhari North Maharashtra University, Jalgaon","Kavayitri Bahinabai Chaudhari North Maharashtra University, Jalgaon",0554524610,Information Technology,TFWS,93215,70.2033567,Stage I,2025-26,1,146
05545,"Shri Vile Parle Kelavani Mandal'S College Of Engineering, Shirpur",Shirpur,Un-Aided Linguistic Minority - Gujarathi,Non-Autonomous,"Kavayitri Bahinabai Chaudhari North Maharashtra University, Jalgaon","Kavayitri Bahinabai Chaudhari North Maharashtra University, Jalgaon",0554584410,Electronics And Computer Engineering,GOPENH,128843,54.4314351,Stage I,2025-26,1,147
05545,"Shri Vile Parle Kelavani Mandal'S College Of Engineering, Shirpur",Shirpur,Un-Aided Linguistic Minority - Gujarathi,Non-Autonomous,"Kavayitri Bahinabai Chaudhari North Maharashtra University, Jalgaon","Kavayitri Bahinabai Chaudhari North Maharashtra University, Jalgaon",0554584410,Electronics And Computer Engineering,LOPENH,124544,56.8426573,Stage I,2025-26,1,147
05545,"Shri Vile Parle Kelavani Mandal'S College Of Engineering, Shirpur",Shirpur,Un-Aided Linguistic Minority - Gujarathi,Non-Autonomous,"Kavayitri Bahinabai Chaudhari North Maharashtra University, Jalgaon","Kavayitri Bahinabai Chaudhari North Maharashtra University, Jalgaon",0554584410,Electronics And Computer Engineering,GOPENO,194445,10.7725189,Stage I,2025-26,1,147
05545,"Shri Vile Parle Kelavani Mandal'S College Of Engineering, Shirpur",Shirpur,Un-Aided Linguistic Minority - Gujarathi,Non-Autonomous,"Kavayitri Bahinabai Chaudhari North Maharashtra University, Jalgaon","Kavayitri Bahinabai Chaudhari North Maharashtra University, Jalgaon",0554584410,Electronics And Computer Engineering,LOPENO,203084,1.0219184,Stage I,2025-26,1,147
05545,"Shri Vile Parle Kelavani Mandal'S College Of Engineering, Shirpur",Shirpur,Un-Aided Linguistic Minority - Gujarathi,Non-Autonomous,"Kavayitri Bahinabai Chaudhari North Maharashtra University, Jalgaon","Kavayitri Bahinabai Chaudhari North Maharashtra University, Jalgaon",0554584410,Electronics And Computer Engineering,GOPENO,128566,54.5739657,Stage I,2025-26,1,147
05545,"Shri Vile Parle Kelavani Mandal'S College Of Engineering, Shirpur",Shirpur,Un-Aided Linguistic Minority - Gujarathi,Non-Autonomous,"Kavayitri Bahinabai Chaudhari North Maharashtra University, Jalgaon","Kavayitri Bahinabai Chaudhari North Maharashtra University, Jalgaon",0554584410,Electronics And Computer Engineering,LOPENO,124673,56.6213771,Stage I,2025-26,1,147
05545,"Shri Vile Parle Kelavani Mandal'S College Of Engineering, Shirpur",Shirpur,Un-Aided Linguistic Minority - Gujarathi,Non-Autonomous,"Kavayitri Bahinabai Chaudhari North Maharashtra University, Jalgaon","Kavayitri Bahinabai Chaudhari North Maharashtra University, Jalgaon",0554584410,Electronics And Computer Engineering,TFWS,120266,58.6907687,Stage I,2025-26,1,147
05545,"Shri Vile Parle Kelavani Mandal'S College Of Engineering, Shirpur",Shirpur,Un-Aided Linguistic Minority - Gujarathi,Non-Autonomous,"Kavayitri Bahinabai Chaudhari North Maharashtra University, Jalgaon","Kavayitri Bahinabai Chaudhari North Maharashtra University, Jalgaon",0554591710,Data Science,GOPENH,118985,59.1762367,Stage I,2025-26,1,148
05545,"Shri Vile Parle Kelavani Mandal'S College Of Engineering, Shirpur",Shirpur,Un-Aided Linguistic Minority - Gujarathi,Non-Autonomous,"Kavayitri Bahinabai Chaudhari North Maharashtra University, Jalgaon","Kavayitri Bahinabai Chaudhari North Maharashtra University, Jalgaon",0554591710,Data Science,LOPENH,113036,61.796967,Stage I,2025-26,1,148
05545,"Shri Vile Parle Kelavani Mandal'S College Of Engineering, Shirpur",Shirpur,Un-Aided Linguistic Minority - Gujarathi,Non-Autonomous,"Kavayitri Bahinabai Chaudhari North Maharashtra University, Jalgaon","Kavayitri Bahinabai Chaudhari North Maharashtra University, Jalgaon",0554591710,Data Science,GOPENO,198881,6.0307212,Stage I,2025-26,1,148
05545,"Shri Vile Parle Kelavani Mandal'S College Of Engineering, Shirpur",Shirpur,Un-Aided Linguistic Minority - Gujarathi,Non-Autonomous,"Kavayitri Bahinabai Chaudhari North Maharashtra University, Jalgaon","Kavayitri Bahinabai Chaudhari North Maharashtra University, Jalgaon",0554591710,Data Science,LOPENO,197508,7.4355245,Stage I,2025-26,1,148
05545,"Shri Vile Parle Kelavani Mandal'S College Of Engineering, Shirpur",Shirpur,Un-Aided Linguistic Minority - Gujarathi,Non-Autonomous,"Kavayitri Bahinabai Chaudhari North Maharashtra University, Jalgaon","Kavayitri Bahinabai Chaudhari North Maharashtra University, Jalgaon",0554591710,Data Science,MI,95461,69.2179237,Stage I,2025-26,1,148
05545,"Shri Vile Parle Kelavani Mandal'S College Of Engineering, Shirpur",Shirpur,Un-Aided Linguistic Minority - Gujarathi,Non-Autonomous,"Kavayitri Bahinabai Chaudhari North Maharashtra University, Jalgaon","Kavayitri Bahinabai Chaudhari North Maharashtra University, Jalgaon",0554591710,Data Science,TFWS,100607,67.1459332,Stage I,2025-26,1,148
